draw_number,date,day_of_week,num1,num2,num3,num4,num5,num6,additional_number,group1_prize,group1_winners,is_synthetic
3109,2015-11-12,Thursday,8,10,11,12,33,41,1,0,0,False
3110,2015-11-16,Monday,3,5,18,41,46,48,40,0,0,False
3111,2015-11-19,Thursday,1,14,19,37,40,47,9,0,0,False
3112,2015-11-23,Monday,5,31,36,39,44,46,43,0,0,False
3113,2015-11-26,Thursday,2,24,34,43,44,46,28,0,0,False
3114,2015-11-30,Monday,11,31,35,37,44,46,42,0,0,False
3115,2015-12-03,Thursday,17,20,34,37,43,48,32,0,0,False
3116,2015-12-07,Monday,5,24,26,36,44,49,19,0,0,False
3117,2015-12-10,Thursday,4,8,11,39,44,46,29,0,0,False
3118,2015-12-14,Monday,6,21,25,29,33,40,31,0,0,False
3119,2015-12-17,Thursday,2,12,17,19,20,33,27,0,0,False
3120,2015-12-21,Monday,11,14,18,22,35,43,28,0,0,False
3121,2015-12-24,Thursday,10,20,21,27,33,46,37,0,0,False
3122,2015-12-28,Monday,7,15,16,17,35,47,41,0,0,False
3123,2015-12-31,Thursday,9,21,23,35,38,41,36,0,0,False
3124,2016-01-04,Monday,3,9,18,28,31,46,32,0,0,False
3125,2016-01-07,Thursday,3,5,6,20,21,45,33,0,0,False
3126,2016-01-11,Monday,13,20,22,29,36,37,33,0,0,False
3127,2016-01-14,Thursday,1,2,4,7,28,41,18,0,0,False
3128,2016-01-18,Monday,4,11,40,43,48,49,17,0,0,False
3129,2016-01-21,Thursday,2,11,23,24,33,44,28,0,0,False
3130,2016-01-25,Monday,16,17,19,35,40,48,37,0,0,False
3131,2016-01-28,Thursday,4,20,22,40,41,48,21,0,0,False
3132,2016-02-01,Monday,9,10,11,22,23,32,6,0,0,False
3133,2016-02-04,Thursday,2,21,26,34,39,49,3,0,0,False
3134,2016-02-08,Monday,13,14,16,21,24,42,7,0,0,False
3135,2016-02-11,Thursday,7,8,17,39,46,49,13,0,0,False
3136,2016-02-15,Monday,3,5,29,40,43,49,21,0,0,False
3137,2016-02-19,Friday,16,18,20,21,27,49,23,0,0,False
3138,2016-02-22,Monday,10,18,22,37,39,40,46,0,0,False
3139,2016-02-25,Thursday,7,14,17,23,35,49,31,0,0,False
3140,2016-02-29,Monday,8,11,15,17,28,47,18,0,0,False
3141,2016-03-03,Thursday,6,14,24,33,38,41,25,0,0,False
3142,2016-03-07,Monday,9,18,30,33,45,47,25,0,0,False
3143,2016-03-10,Thursday,25,29,32,33,34,49,13,0,0,False
3144,2016-03-14,Monday,8,10,24,29,31,33,4,0,0,False
3145,2016-03-17,Thursday,2,3,20,21,30,33,12,0,0,False
3146,2016-03-21,Monday,8,12,20,39,43,47,9,0,0,False
3147,2016-03-24,Thursday,4,9,28,35,38,44,36,0,0,False
3148,2016-03-28,Monday,8,9,15,28,36,39,33,0,0,False
3149,2016-03-31,Thursday,20,21,22,31,39,46,32,0,0,False
3150,2016-04-04,Monday,10,15,22,28,34,38,12,0,0,False
3151,2016-04-07,Thursday,1,7,30,32,38,46,23,0,0,False
3152,2016-04-11,Monday,9,13,16,18,48,49,42,0,0,False
3153,2016-04-14,Thursday,3,4,19,26,28,34,30,0,0,False
3154,2016-04-18,Monday,11,14,21,28,30,39,49,0,0,False
3155,2016-04-21,Thursday,13,14,19,32,33,48,42,0,0,False
3156,2016-04-25,Monday,1,3,4,22,37,41,31,0,0,False
3157,2016-04-28,Thursday,3,20,26,31,34,40,30,0,0,False
3158,2016-05-02,Monday,6,7,8,9,14,19,48,0,0,False
3159,2016-05-05,Thursday,9,20,23,46,48,49,42,0,0,False
3160,2016-05-09,Monday,1,12,26,29,39,49,42,0,0,False
3161,2016-05-12,Thursday,1,4,23,40,46,48,34,0,0,False
3162,2016-05-16,Monday,1,10,24,26,36,47,4,0,0,False
3163,2016-05-19,Thursday,2,17,19,23,32,49,33,0,0,False
3164,2016-05-23,Monday,7,12,20,24,30,31,43,0,0,False
3165,2016-05-26,Thursday,7,15,19,31,32,40,47,0,0,False
3166,2016-05-30,Monday,8,12,24,33,35,39,22,0,0,False
3167,2016-06-02,Thursday,1,15,23,25,33,42,44,0,0,False
3168,2016-06-06,Monday,2,7,12,19,29,36,20,0,0,False
3169,2016-06-09,Thursday,12,21,27,28,35,43,47,0,0,False
3170,2016-06-13,Monday,6,18,22,24,26,30,36,0,0,False
3171,2016-06-16,Thursday,5,11,30,36,44,46,16,0,0,False
3172,2016-06-20,Monday,4,6,14,18,19,35,42,0,0,False
3173,2016-06-23,Thursday,1,3,5,8,20,44,22,0,0,False
3174,2016-06-27,Monday,1,12,13,14,38,40,34,0,0,False
3175,2016-06-30,Thursday,11,12,15,16,21,32,47,0,0,False
3176,2016-07-04,Monday,11,18,26,27,34,46,22,0,0,False
3177,2016-07-07,Thursday,4,6,13,15,21,30,49,0,0,False
3178,2016-07-11,Monday,7,21,22,30,35,39,19,0,0,False
3179,2016-07-14,Thursday,2,11,14,16,31,44,19,0,0,False
3180,2016-07-18,Monday,8,11,22,35,36,46,43,0,0,False
3181,2016-07-21,Thursday,2,14,18,27,31,44,26,0,0,False
3182,2016-07-25,Monday,6,26,38,40,44,49,16,0,0,False
3183,2016-07-28,Thursday,4,6,8,15,29,36,9,0,0,False
3184,2016-08-01,Monday,6,14,24,36,37,39,27,0,0,False
3185,2016-08-04,Thursday,1,8,29,31,37,42,23,0,0,False
3186,2016-08-08,Monday,4,9,23,26,34,44,21,0,0,False
3187,2016-08-11,Thursday,13,22,30,32,45,46,29,0,0,False
3188,2016-08-15,Monday,3,16,18,31,35,38,29,0,0,False
3189,2016-08-18,Thursday,2,10,11,21,26,36,18,0,0,False
3190,2016-08-22,Monday,1,10,35,36,41,49,10,0,0,False
3191,2016-08-25,Thursday,5,6,11,25,35,40,44,0,0,False
3192,2016-08-29,Monday,11,19,23,32,48,49,34,0,0,False
3193,2016-09-01,Thursday,3,4,12,15,28,48,8,0,0,False
3194,2016-09-05,Monday,3,9,14,21,32,40,7,0,0,False
3195,2016-09-08,Thursday,4,6,11,13,26,31,17,0,0,False
3196,2016-09-12,Monday,3,10,18,22,48,49,41,0,0,False
3197,2016-09-15,Thursday,2,20,21,25,27,38,28,0,0,False
3198,2016-09-19,Monday,14,17,26,31,41,45,30,0,0,False
3199,2016-09-22,Thursday,8,11,28,34,40,46,48,0,0,False
3200,2016-09-26,Monday,6,9,15,27,37,48,24,0,0,False
3201,2016-09-29,Thursday,1,3,4,24,34,48,29,0,0,False
3202,2016-10-03,Monday,6,9,14,27,28,46,2,0,0,False
3203,2016-10-06,Thursday,6,13,19,25,26,39,35,0,0,False
3204,2016-10-10,Monday,3,18,24,30,35,49,44,0,0,False
3205,2016-10-13,Thursday,16,20,31,32,40,41,13,0,0,False
3206,2016-10-17,Monday,3,7,9,27,39,44,48,0,0,False
3207,2016-10-20,Thursday,5,14,20,23,36,49,30,0,0,False
3208,2016-10-24,Monday,2,15,18,24,34,35,48,0,0,False
3209,2016-10-27,Thursday,3,5,8,21,40,46,30,0,0,False
3210,2016-10-31,Monday,14,19,24,32,36,42,35,0,0,False
3211,2016-11-03,Thursday,1,11,19,26,35,39,14,0,0,False
3212,2016-11-07,Monday,1,13,21,41,48,49,22,0,0,False
3213,2016-11-10,Thursday,17,22,26,34,41,47,42,0,0,False
3214,2016-11-14,Monday,8,10,15,31,38,40,19,0,0,False
3215,2016-11-17,Thursday,1,21,31,36,39,43,38,0,0,False
3216,2016-11-21,Monday,4,21,25,40,47,48,49,0,0,False
3217,2016-11-24,Thursday,2,3,17,19,22,40,20,0,0,False
3218,2016-11-28,Monday,2,4,15,24,37,48,2,0,0,False
3219,2016-12-01,Thursday,3,4,8,19,24,46,4,0,0,False
3220,2016-12-05,Monday,5,9,11,19,24,37,19,0,0,False
3221,2016-12-08,Thursday,6,8,11,24,37,46,11,0,0,False
3222,2016-12-12,Monday,2,14,31,36,43,46,39,0,0,False
3223,2016-12-15,Thursday,4,18,24,39,46,47,10,0,0,False
3224,2016-12-19,Monday,10,11,24,27,36,49,43,0,0,False
3225,2016-12-22,Thursday,3,28,37,38,44,47,46,0,0,False
3226,2016-12-26,Monday,8,10,18,25,28,46,23,0,0,False
3227,2016-12-29,Thursday,2,4,34,36,42,46,15,0,0,False
3228,2017-01-02,Monday,1,18,22,35,38,49,30,0,0,False
3229,2017-01-05,Thursday,7,15,20,33,39,44,43,0,0,False
3230,2017-01-09,Monday,8,29,33,34,42,49,21,0,0,False
3231,2017-01-12,Thursday,3,6,12,25,40,43,42,0,0,False
3232,2017-01-16,Monday,2,7,17,21,35,42,16,0,0,False
3233,2017-01-19,Thursday,5,8,16,44,48,49,32,0,0,False
3234,2017-01-23,Monday,5,14,23,28,45,49,5,0,0,False
3235,2017-01-26,Thursday,8,12,16,19,22,46,6,0,0,False
3236,2017-01-30,Monday,21,22,25,27,32,39,6,0,0,False
3237,2017-02-02,Thursday,11,20,21,29,37,48,23,0,0,False
3238,2017-02-06,Monday,9,14,17,25,30,36,44,0,0,False
3239,2017-02-10,Friday,2,7,24,27,29,34,21,0,0,False
3240,2017-02-13,Monday,7,10,19,23,24,33,7,0,0,False
3241,2017-02-16,Thursday,8,17,31,43,44,48,46,0,0,False
3242,2017-02-20,Monday,2,6,13,17,23,46,17,0,0,False
3243,2017-02-23,Thursday,7,8,9,28,41,42,29,0,0,False
3244,2017-02-27,Monday,22,25,27,29,35,49,31,0,0,False
3245,2017-03-02,Thursday,8,14,20,35,36,41,38,0,0,False
3246,2017-03-06,Monday,16,22,28,36,39,47,3,0,0,False
3247,2017-03-09,Thursday,2,6,9,17,26,46,13,0,0,False
3248,2017-03-13,Monday,6,28,30,35,39,42,33,0,0,False
3249,2017-03-16,Thursday,2,9,15,19,20,37,29,0,0,False
3250,2017-03-20,Monday,6,20,30,41,42,45,35,0,0,False
3251,2017-03-23,Thursday,5,13,18,25,28,44,16,0,0,False
3252,2017-03-27,Monday,1,27,28,40,41,44,28,0,0,False
3253,2017-03-30,Thursday,28,34,38,39,42,46,24,0,0,False
3254,2017-04-03,Monday,1,28,30,32,40,48,31,0,0,False
3255,2017-04-06,Thursday,10,12,20,27,43,46,26,0,0,False
3256,2017-04-10,Monday,13,19,20,23,29,31,48,0,0,False
3257,2017-04-13,Thursday,7,9,16,27,32,47,36,0,0,False
3258,2017-04-17,Monday,12,17,25,28,36,44,3,0,0,False
3259,2017-04-20,Thursday,2,12,25,28,37,38,22,0,0,False
3260,2017-04-24,Monday,2,8,22,31,32,35,36,0,0,False
3261,2017-04-27,Thursday,4,7,15,31,32,43,37,0,0,False
3262,2017-05-01,Monday,8,17,24,29,32,45,14,0,0,False
3263,2017-05-04,Thursday,4,13,14,36,41,43,45,0,0,False
3264,2017-05-08,Monday,5,21,29,30,38,45,1,0,0,False
3265,2017-05-11,Thursday,8,9,12,18,27,45,13,0,0,False
3266,2017-05-15,Monday,8,14,16,23,24,27,5,0,0,False
3267,2017-05-18,Thursday,4,23,43,44,46,48,16,0,0,False
3268,2017-05-22,Monday,21,24,31,34,37,44,45,0,0,False
3269,2017-05-25,Thursday,3,8,11,32,44,46,12,0,0,False
3270,2017-05-29,Monday,13,15,16,27,36,47,24,0,0,False
3271,2017-06-01,Thursday,9,15,17,22,44,46,2,0,0,False
3272,2017-06-05,Monday,15,21,23,24,39,40,18,0,0,False
3273,2017-06-08,Thursday,5,7,22,25,34,40,1,0,0,False
3274,2017-06-12,Monday,9,10,19,21,23,43,15,0,0,False
3275,2017-06-15,Thursday,20,21,23,37,39,47,31,0,0,False
3276,2017-06-19,Monday,1,23,30,34,40,42,14,0,0,False
3277,2017-06-22,Thursday,4,5,12,20,47,49,25,0,0,False
3278,2017-06-26,Monday,14,20,21,23,25,37,15,0,0,False
3279,2017-06-29,Thursday,2,9,13,16,29,40,46,0,0,False
3280,2017-07-03,Monday,5,7,9,27,31,34,40,0,0,False
3281,2017-07-06,Thursday,2,4,7,26,40,47,35,0,0,False
3282,2017-07-10,Monday,11,16,31,35,46,48,41,0,0,False
3283,2017-07-13,Thursday,24,30,33,34,47,49,12,0,0,False
3284,2017-07-17,Monday,9,11,16,20,27,46,39,0,0,False
3285,2017-07-20,Thursday,8,11,35,39,41,43,13,0,0,False
3286,2017-07-24,Monday,2,22,23,32,35,41,7,0,0,False
3287,2017-07-27,Thursday,14,20,24,33,37,41,18,0,0,False
3288,2017-07-31,Monday,11,13,14,16,30,43,47,0,0,False
3289,2017-08-03,Thursday,14,19,22,27,32,36,40,0,0,False
3290,2017-08-07,Monday,5,17,34,40,42,46,22,0,0,False
3291,2017-08-10,Thursday,1,31,39,45,46,49,34,0,0,False
3292,2017-08-14,Monday,2,8,17,22,39,46,6,0,0,False
3293,2017-08-17,Thursday,11,15,29,39,41,47,25,0,0,False
3294,2017-08-21,Monday,4,7,12,18,42,47,41,0,0,False
3295,2017-08-24,Thursday,11,17,26,30,32,39,33,0,0,False
3296,2017-08-28,Monday,1,21,29,35,39,46,8,0,0,False
3297,2017-08-31,Thursday,3,36,39,40,44,47,14,0,0,False
3298,2017-09-04,Monday,10,11,22,36,38,46,13,0,0,False
3299,2017-09-07,Thursday,13,19,20,21,32,49,27,0,0,False
3300,2017-09-11,Monday,7,14,17,18,44,48,2,0,0,False
3301,2017-09-14,Thursday,12,15,29,36,40,45,16,0,0,False
3302,2017-09-18,Monday,3,15,22,24,32,43,35,0,0,False
3303,2017-09-21,Thursday,9,14,15,28,35,37,2,0,0,False
3304,2017-09-25,Monday,7,18,26,34,41,48,8,0,0,False
3305,2017-09-28,Thursday,11,12,26,27,29,33,10,0,0,False
3306,2017-10-02,Monday,2,8,17,18,23,42,1,0,0,False
3307,2017-10-05,Thursday,9,19,23,36,40,44,20,0,0,False
3308,2017-10-09,Monday,6,14,17,40,43,49,48,0,0,False
3309,2017-10-12,Thursday,6,14,17,21,22,37,15,0,0,False
3310,2017-10-16,Monday,6,11,12,34,36,49,3,0,0,False
3311,2017-10-19,Thursday,2,4,15,20,26,28,24,0,0,False
3312,2017-10-23,Monday,2,9,23,35,38,48,20,0,0,False
3313,2017-10-26,Thursday,3,10,25,32,36,37,6,0,0,False
3314,2017-10-30,Monday,8,20,30,43,46,48,18,0,0,False
3315,2017-11-02,Thursday,7,17,18,30,32,47,39,0,0,False
3316,2017-11-06,Monday,2,8,11,15,19,32,47,0,0,False
3317,2017-11-09,Thursday,22,31,33,41,44,47,24,0,0,False
3318,2017-11-13,Monday,3,19,21,35,37,44,26,0,0,False
3319,2017-11-16,Thursday,11,13,16,27,34,48,30,0,0,False
3320,2017-11-20,Monday,9,11,13,18,20,34,27,0,0,False
3321,2017-11-23,Thursday,11,14,41,46,47,49,48,0,0,False
3322,2017-11-27,Monday,7,8,23,30,42,48,38,0,0,False
3323,2017-11-30,Thursday,17,22,29,36,38,47,46,0,0,False
3324,2017-12-04,Monday,4,5,19,38,39,40,26,0,0,False
3325,2017-12-07,Thursday,9,10,25,37,45,46,40,0,0,False
3326,2017-12-11,Monday,5,12,37,39,42,43,15,0,0,False
3327,2017-12-14,Thursday,1,9,13,33,41,48,21,0,0,False
3328,2017-12-18,Monday,2,6,10,19,31,35,34,0,0,False
3329,2017-12-21,Thursday,1,2,26,27,35,43,23,0,0,False
3330,2017-12-25,Monday,6,7,14,17,19,29,46,0,0,False
3331,2017-12-28,Thursday,1,3,5,16,27,40,26,0,0,False
3332,2018-01-01,Monday,3,9,16,34,45,46,49,0,0,False
3333,2018-01-05,Friday,3,4,13,19,23,47,5,0,0,False
3334,2018-01-08,Monday,6,10,18,36,44,45,46,0,0,False
3335,2018-01-11,Thursday,22,24,25,40,45,49,3,0,0,False
3336,2018-01-15,Monday,1,2,6,28,29,49,17,0,0,False
3337,2018-01-18,Thursday,2,6,12,17,26,40,44,0,0,False
3338,2018-01-22,Monday,1,2,15,29,32,49,11,0,0,False
3339,2018-01-25,Thursday,1,15,23,25,34,47,2,0,0,False
3340,2018-01-29,Monday,7,14,25,32,44,48,19,0,0,False
3341,2018-02-01,Thursday,4,15,20,22,29,32,8,0,0,False
3342,2018-02-05,Monday,25,33,38,40,42,48,27,0,0,False
3343,2018-02-09,Friday,8,15,16,23,40,49,18,0,0,False
3344,2018-02-12,Monday,12,14,19,23,37,41,3,0,0,False
3345,2018-02-15,Thursday,16,18,30,31,36,41,1,0,0,False
3346,2018-02-19,Monday,10,21,29,34,37,43,28,0,0,False
3347,2018-02-22,Thursday,4,12,13,15,35,46,21,0,0,False
3348,2018-02-26,Monday,4,9,13,15,40,44,48,0,0,False
3349,2018-03-02,Friday,24,28,31,37,40,49,29,0,0,False
3350,2018-03-05,Monday,6,15,16,30,32,39,19,0,0,False
3351,2018-03-08,Thursday,2,10,14,24,28,40,21,0,0,False
3352,2018-03-12,Monday,9,12,15,16,29,44,2,0,0,False
3353,2018-03-15,Thursday,9,16,23,25,34,40,47,0,0,False
3354,2018-03-19,Monday,3,18,31,39,43,46,29,0,0,False
3355,2018-03-22,Thursday,5,6,13,21,27,47,42,0,0,False
3356,2018-03-26,Monday,6,13,14,27,32,36,29,0,0,False
3357,2018-03-29,Thursday,11,15,17,21,27,33,10,0,0,False
3358,2018-04-02,Monday,3,12,30,39,43,48,20,0,0,False
3359,2018-04-05,Thursday,3,5,21,30,32,40,34,0,0,False
3360,2018-04-09,Monday,18,36,40,41,43,49,28,0,0,False
3361,2018-04-12,Thursday,1,7,15,27,32,38,45,0,0,False
3362,2018-04-16,Monday,14,22,25,27,28,29,1,0,0,False
3363,2018-04-19,Thursday,18,22,32,35,36,44,38,0,0,False
3364,2018-04-23,Monday,1,30,32,36,37,41,16,0,0,False
3365,2018-04-26,Thursday,5,14,17,25,28,46,39,0,0,False
3366,2018-04-30,Monday,7,13,18,21,32,35,14,0,0,False
3367,2018-05-03,Thursday,14,23,28,30,32,48,8,0,0,False
3368,2018-05-07,Monday,2,7,12,15,23,44,34,0,0,False
3369,2018-05-10,Thursday,4,14,35,38,45,47,13,0,0,False
3370,2018-05-14,Monday,17,24,29,45,46,49,5,0,0,False
3371,2018-05-17,Thursday,7,21,25,29,35,37,13,0,0,False
3372,2018-05-21,Monday,8,10,16,30,37,44,17,0,0,False
3373,2018-05-24,Thursday,11,25,26,34,36,42,16,0,0,False
3374,2018-05-28,Monday,5,9,27,28,30,44,2,0,0,False
3375,2018-05-31,Thursday,11,13,24,26,47,49,33,0,0,False
3376,2018-06-04,Monday,20,22,31,37,43,45,27,0,0,False
3377,2018-06-07,Thursday,12,20,29,31,37,39,42,0,0,False
3378,2018-06-11,Monday,16,25,30,37,44,49,34,0,0,False
3379,2018-06-14,Thursday,4,29,31,35,42,48,1,0,0,False
3380,2018-06-18,Monday,11,15,22,23,26,43,25,0,0,False
3381,2018-06-21,Thursday,4,6,15,24,30,35,46,0,0,False
3382,2018-06-25,Monday,2,5,25,38,44,48,9,0,0,False
3383,2018-06-28,Thursday,2,7,22,27,40,47,48,0,0,False
3384,2018-07-02,Monday,12,13,26,33,35,38,23,0,0,False
3385,2018-07-05,Thursday,8,11,28,30,32,34,39,0,0,False
3386,2018-07-09,Monday,6,23,31,38,39,43,33,0,0,False
3387,2018-07-12,Thursday,4,15,25,32,40,41,10,0,0,False
3388,2018-07-16,Monday,4,8,19,24,32,47,22,0,0,False
3389,2018-07-19,Thursday,13,14,23,35,37,46,45,0,0,False
3390,2018-07-23,Monday,2,23,26,28,39,40,12,0,0,False
3391,2018-07-26,Thursday,1,9,13,17,28,40,37,0,0,False
3392,2018-07-30,Monday,8,10,19,20,41,43,7,0,0,False
3393,2018-08-02,Thursday,1,10,15,27,41,46,35,0,0,False
3394,2018-08-06,Monday,7,18,20,27,36,40,15,0,0,False
3395,2018-08-09,Thursday,13,16,20,23,39,42,28,0,0,False
3396,2018-08-13,Monday,1,3,6,16,22,36,17,0,0,False
3397,2018-08-16,Thursday,22,23,25,32,33,36,20,0,0,False
3398,2018-08-20,Monday,9,10,25,38,40,42,2,0,0,False
3399,2018-08-23,Thursday,2,3,23,30,39,41,19,0,0,False
3400,2018-08-27,Monday,5,6,16,24,26,29,38,0,0,False
3401,2018-08-30,Thursday,3,9,27,29,31,40,46,0,0,False
3402,2018-09-03,Monday,4,5,13,18,39,40,3,0,0,False
3403,2018-09-06,Thursday,2,15,17,20,23,30,45,0,0,False
3404,2018-09-10,Monday,2,6,9,15,40,43,18,0,0,False
3405,2018-09-13,Thursday,6,16,17,40,44,48,34,0,0,False
3406,2018-09-17,Monday,16,21,22,24,25,27,1,0,0,False
3407,2018-09-20,Thursday,5,12,18,30,32,38,22,0,0,False
3408,2018-09-24,Monday,6,8,17,24,29,47,34,0,0,False
3409,2018-09-27,Thursday,2,25,29,33,42,45,20,0,0,False
3410,2018-10-01,Monday,11,15,23,24,32,40,43,0,0,False
3411,2018-10-04,Thursday,5,12,23,32,37,42,43,0,0,False
3412,2018-10-08,Monday,17,18,23,39,43,49,2,0,0,False
3413,2018-10-11,Thursday,1,16,18,24,29,46,35,0,0,False
3414,2018-10-15,Monday,1,4,24,32,35,48,20,0,0,False
3415,2018-10-18,Thursday,5,14,17,31,46,48,47,0,0,False
3416,2018-10-22,Monday,5,22,24,40,43,48,2,0,0,False
3417,2018-10-25,Thursday,7,8,13,15,35,48,30,0,0,False
3418,2018-10-29,Monday,2,6,10,20,28,31,30,0,0,False
3419,2018-11-01,Thursday,6,27,28,41,44,48,15,0,0,False
3420,2018-11-05,Monday,3,8,14,28,43,49,26,0,0,False
3421,2018-11-08,Thursday,8,13,16,26,28,38,46,0,0,False
3422,2018-11-12,Monday,4,12,21,34,41,47,33,0,0,False
3423,2018-11-15,Thursday,21,25,27,36,39,44,18,0,0,False
3424,2018-11-19,Monday,2,9,14,36,46,48,5,0,0,False
3425,2018-11-22,Thursday,11,17,20,21,27,30,33,0,0,False
3426,2018-11-26,Monday,16,22,28,31,38,46,33,0,0,False
3427,2018-11-29,Thursday,4,11,19,25,40,44,1,0,0,False
3428,2018-12-03,Monday,5,6,7,29,37,38,23,0,0,False
3429,2018-12-06,Thursday,5,9,16,18,23,47,19,0,0,False
3430,2018-12-10,Monday,4,10,14,26,39,44,48,0,0,False
3431,2018-12-13,Thursday,3,11,18,23,38,47,7,0,0,False
3432,2018-12-17,Monday,15,16,30,32,44,48,46,0,0,False
3433,2018-12-20,Thursday,7,12,15,30,33,39,48,0,0,False
3434,2018-12-24,Monday,3,5,12,17,29,39,31,0,0,False
3435,2018-12-27,Thursday,9,19,20,30,35,46,23,0,0,False
3436,2018-12-31,Monday,8,13,18,28,43,49,6,0,0,False
3437,2019-01-03,Thursday,12,22,26,37,40,47,33,0,0,False
3438,2019-01-07,Monday,1,2,36,39,41,42,37,0,0,False
3439,2019-01-11,Friday,1,2,13,18,41,47,46,0,0,False
3440,2019-01-14,Monday,10,13,21,27,34,40,41,0,0,False
3441,2019-01-17,Thursday,5,10,22,30,42,48,13,0,0,False
3442,2019-01-21,Monday,7,38,40,45,46,47,21,0,0,False
3443,2019-01-24,Thursday,3,4,18,32,41,44,34,0,0,False
3444,2019-01-28,Monday,6,11,19,33,35,38,45,0,0,False
3445,2019-02-01,Friday,5,11,16,17,22,27,10,0,0,False
3446,2019-02-04,Monday,6,15,21,30,46,47,34,0,0,False
3447,2019-02-07,Thursday,5,7,9,11,35,49,31,0,0,False
3448,2019-02-11,Monday,9,10,15,33,39,40,41,0,0,False
3449,2019-02-14,Thursday,2,10,12,20,24,32,31,0,0,False
3450,2019-02-18,Monday,25,26,29,31,46,49,21,0,0,False
3451,2019-02-22,Friday,5,8,14,16,34,39,23,0,0,False
3452,2019-02-25,Monday,9,12,27,28,38,44,10,0,0,False
3453,2019-02-28,Thursday,20,24,27,39,43,48,8,0,0,False
3454,2019-03-04,Monday,1,6,7,16,39,40,12,0,0,False
3455,2019-03-07,Thursday,1,2,13,29,41,43,34,0,0,False
3456,2019-03-11,Monday,6,23,26,27,34,49,32,0,0,False
3457,2019-03-14,Thursday,2,4,17,21,25,46,44,0,0,False
3458,2019-03-18,Monday,2,5,8,17,43,47,25,0,0,False
3459,2019-03-21,Thursday,2,5,12,13,15,31,36,0,0,False
3460,2019-03-25,Monday,6,13,23,26,34,37,15,0,0,False
3461,2019-03-28,Thursday,2,15,20,26,29,44,43,0,0,False
3462,2019-04-01,Monday,7,12,22,30,31,36,2,0,0,False
3463,2019-04-04,Thursday,4,17,20,21,33,39,27,0,0,False
3464,2019-04-08,Monday,9,19,20,24,28,49,36,0,0,False
3465,2019-04-11,Thursday,5,12,13,17,29,47,4,0,0,False
3466,2019-04-15,Monday,8,19,25,34,35,47,30,0,0,False
3467,2019-04-18,Thursday,6,15,28,33,45,47,43,0,0,False
3468,2019-04-22,Monday,12,13,19,23,24,44,14,0,0,False
3469,2019-04-25,Thursday,1,7,14,15,32,38,39,0,0,False
3470,2019-04-29,Monday,4,10,26,31,39,48,19,0,0,False
3471,2019-05-02,Thursday,10,15,24,35,42,47,11,0,0,False
3472,2019-05-06,Monday,5,6,13,26,32,41,18,0,0,False
3473,2019-05-09,Thursday,5,10,11,18,26,49,4,0,0,False
3474,2019-05-13,Monday,2,3,19,21,23,31,1,0,0,False
3475,2019-05-16,Thursday,5,7,9,15,38,45,29,0,0,False
3476,2019-05-20,Monday,7,18,24,46,47,48,10,0,0,False
3477,2019-05-23,Thursday,12,20,22,31,32,46,38,0,0,False
3478,2019-05-27,Monday,5,9,17,21,22,32,34,0,0,False
3479,2019-05-30,Thursday,4,12,21,30,31,44,3,0,0,False
3480,2019-06-03,Monday,3,4,12,19,27,30,31,0,0,False
3481,2019-06-06,Thursday,21,24,28,31,32,38,4,0,0,False
3482,2019-06-10,Monday,10,11,15,17,19,46,4,0,0,False
3483,2019-06-13,Thursday,1,3,10,14,22,39,24,0,0,False
3484,2019-06-17,Monday,6,20,29,36,40,43,10,0,0,False
3485,2019-06-20,Thursday,8,19,25,26,29,34,7,0,0,False
3486,2019-06-24,Monday,8,17,25,32,41,48,21,0,0,False
3487,2019-06-27,Thursday,1,4,25,36,41,47,26,0,0,False
3488,2019-07-01,Monday,5,7,27,30,38,48,15,0,0,False
3489,2019-07-04,Thursday,7,9,21,34,36,45,27,0,0,False
3490,2019-07-08,Monday,9,11,22,23,24,29,49,0,0,False
3491,2019-07-11,Thursday,6,12,28,43,45,47,16,0,0,False
3492,2019-07-15,Monday,4,15,30,35,36,43,24,0,0,False
3493,2019-07-18,Thursday,14,20,25,28,31,42,9,0,0,False
3494,2019-07-22,Monday,7,23,30,34,43,47,2,0,0,False
3495,2019-07-25,Thursday,4,5,29,30,31,33,41,0,0,False
3496,2019-07-29,Monday,4,10,24,32,37,44,31,0,0,False
3497,2019-08-01,Thursday,3,8,22,30,31,48,42,0,0,False
3498,2019-08-05,Monday,4,15,16,20,21,26,18,0,0,False
3499,2019-08-08,Thursday,1,4,5,22,27,34,41,0,0,False
3500,2019-08-12,Monday,33,34,36,37,44,49,16,0,0,False
3501,2019-08-15,Thursday,3,11,27,29,40,42,1,0,0,False
3502,2019-08-19,Monday,2,6,19,20,26,45,30,0,0,False
3503,2019-08-22,Thursday,1,14,25,28,29,38,31,0,0,False
3504,2019-08-26,Monday,7,18,23,40,44,48,35,0,0,False
3505,2019-08-29,Thursday,6,22,33,40,45,47,49,0,0,False
3506,2019-09-02,Monday,1,5,18,20,33,44,48,0,0,False
3507,2019-09-05,Thursday,17,18,27,42,47,48,37,0,0,False
3508,2019-09-09,Monday,10,19,25,36,44,49,27,0,0,False
3509,2019-09-12,Thursday,7,10,30,33,44,45,46,0,0,False
3510,2019-09-16,Monday,9,17,29,32,36,40,30,0,0,False
3511,2019-09-19,Thursday,14,22,24,31,45,47,29,0,0,False
3512,2019-09-23,Monday,9,10,25,29,41,44,43,0,0,False
3513,2019-09-26,Thursday,9,19,30,34,35,46,49,0,0,False
3514,2019-09-30,Monday,10,13,16,38,42,47,11,0,0,False
3515,2019-10-03,Thursday,1,12,24,45,46,48,29,0,0,False
3516,2019-10-07,Monday,12,13,26,36,41,46,5,0,0,False
3517,2019-10-10,Thursday,4,18,26,32,34,45,33,0,0,False
3518,2019-10-14,Monday,4,5,14,25,26,45,29,0,0,False
3519,2019-10-17,Thursday,2,35,37,42,43,47,44,0,0,False
3520,2019-10-21,Monday,5,13,28,38,47,48,40,0,0,False
3521,2019-10-24,Thursday,14,24,25,29,43,44,7,0,0,False
3522,2019-10-28,Monday,5,19,20,27,34,36,24,0,0,False
3523,2019-10-31,Thursday,13,30,33,36,44,47,14,0,0,False
3524,2019-11-04,Monday,3,8,9,38,41,44,34,0,0,False
3525,2019-11-07,Thursday,5,26,28,30,34,46,42,0,0,False
3526,2019-11-11,Monday,3,20,29,30,39,41,6,0,0,False
3527,2019-11-14,Thursday,2,9,16,21,36,49,31,0,0,False
3528,2019-11-18,Monday,1,16,17,20,21,30,29,0,0,False
3529,2019-11-21,Thursday,1,4,16,18,30,32,37,0,0,False
3530,2019-11-25,Monday,3,6,16,35,38,46,23,0,0,False
3531,2019-11-28,Thursday,6,30,34,45,46,48,32,0,0,False
3532,2019-12-02,Monday,1,14,15,25,34,35,36,0,0,False
3533,2019-12-05,Thursday,2,9,14,26,30,47,34,0,0,False
3534,2019-12-09,Monday,21,22,27,30,39,44,46,0,0,False
3535,2019-12-12,Thursday,2,22,29,33,36,45,20,0,0,False
3536,2019-12-16,Monday,4,10,22,23,40,42,7,0,0,False
3537,2019-12-19,Thursday,19,21,27,36,40,44,2,0,0,False
3538,2019-12-23,Monday,1,15,35,41,42,43,28,0,0,False
3539,2019-12-26,Thursday,8,16,20,24,25,36,13,0,0,False
3540,2019-12-30,Monday,3,12,13,35,36,40,33,0,0,False
3541,2020-01-03,Friday,13,15,21,23,30,35,25,0,0,False
3542,2020-01-06,Monday,2,7,11,15,26,47,33,0,0,False
3543,2020-01-09,Thursday,12,24,34,38,46,47,28,0,0,False
3544,2020-01-13,Monday,2,3,4,13,16,33,14,0,0,False
3545,2020-01-17,Friday,1,11,24,28,45,48,23,0,0,False
3546,2020-01-20,Monday,11,18,20,22,27,37,39,0,0,False
3547,2020-01-23,Thursday,9,14,36,38,40,47,30,0,0,False
3548,2020-01-27,Monday,3,32,38,43,46,48,34,0,0,False
3549,2020-01-30,Thursday,7,20,29,41,47,49,28,0,0,False
3550,2020-02-03,Monday,6,9,23,34,42,49,22,0,0,False
3551,2020-02-07,Friday,10,15,16,21,24,49,2,0,0,False
3552,2020-02-10,Monday,8,12,15,17,32,46,20,0,0,False
3553,2020-02-13,Thursday,5,7,19,23,44,48,45,0,0,False
3554,2020-02-17,Monday,17,19,23,30,42,45,13,0,0,False
3555,2020-02-20,Thursday,7,19,26,31,34,40,6,0,0,False
3556,2020-02-24,Monday,11,24,26,29,42,47,25,0,0,False
3557,2020-02-27,Thursday,10,32,35,36,46,49,40,0,0,False
3558,2020-03-02,Monday,11,37,39,41,42,46,43,0,0,False
3559,2020-03-05,Thursday,12,14,30,37,38,40,42,0,0,False
3560,2020-03-09,Monday,4,11,14,22,29,47,6,0,0,False
3561,2020-03-12,Thursday,1,3,18,34,36,49,16,0,0,False
3562,2020-03-16,Monday,2,15,19,40,47,48,27,0,0,False
3563,2020-03-19,Thursday,8,19,27,33,37,47,18,0,0,False
3564,2020-03-23,Monday,10,30,35,39,42,49,18,0,0,False
3565,2020-03-26,Thursday,7,12,13,19,42,46,29,0,0,False
3566,2020-03-30,Monday,1,7,17,29,30,43,31,0,0,False
3567,2020-04-02,Thursday,4,11,14,23,28,47,24,0,0,False
3568,2020-06-25,Thursday,23,37,42,43,47,49,34,0,0,False
3569,2020-06-29,Monday,3,9,17,38,39,41,13,0,0,False
3570,2020-07-02,Thursday,3,20,36,38,43,48,16,0,0,False
3571,2020-07-06,Monday,1,22,26,38,39,48,40,0,0,False
3572,2020-07-09,Thursday,8,10,12,16,21,48,41,0,0,False
3573,2020-07-13,Monday,6,22,34,35,37,43,33,0,0,False
3574,2020-07-16,Thursday,5,18,27,28,29,37,21,0,0,False
3575,2020-07-20,Monday,1,20,23,24,40,42,48,0,0,False
3576,2020-07-23,Thursday,4,12,13,20,35,36,18,0,0,False
3577,2020-07-27,Monday,4,19,25,31,34,37,32,0,0,False
3578,2020-07-30,Thursday,18,24,34,38,43,48,8,0,0,False
3579,2020-08-03,Monday,1,3,10,15,32,40,7,0,0,False
3580,2020-08-06,Thursday,10,28,35,39,41,43,44,0,0,False
3581,2020-08-10,Monday,9,19,20,29,36,43,38,0,0,False
3582,2020-08-13,Thursday,5,9,29,41,42,43,28,0,0,False
3583,2020-08-17,Monday,1,2,15,30,35,46,38,0,0,False
3584,2020-08-20,Thursday,6,15,19,26,30,48,41,0,0,False
3585,2020-08-24,Monday,1,19,24,26,37,41,22,0,0,False
3586,2020-08-27,Thursday,2,10,13,32,41,43,24,0,0,False
3587,2020-08-31,Monday,12,15,16,23,25,46,47,0,0,False
3588,2020-09-03,Thursday,4,16,27,32,44,47,9,0,0,False
3589,2020-09-07,Monday,9,11,19,22,36,45,23,0,0,False
3590,2020-09-10,Thursday,15,21,27,36,39,43,45,0,0,False
3591,2020-09-14,Monday,2,11,13,15,28,45,36,0,0,False
3592,2020-09-17,Thursday,1,3,9,19,36,39,5,0,0,False
3593,2020-09-21,Monday,13,16,17,20,27,38,26,0,0,False
3594,2020-09-24,Thursday,4,31,36,40,45,48,26,0,0,False
3595,2020-09-28,Monday,5,16,27,34,41,42,49,0,0,False
3596,2020-10-01,Thursday,7,10,11,21,26,48,13,0,0,False
3597,2020-10-05,Monday,7,10,14,15,39,44,1,0,0,False
3598,2020-10-08,Thursday,2,3,7,12,21,34,41,0,0,False
3599,2020-10-12,Monday,1,10,14,40,41,48,30,0,0,False
3600,2020-10-15,Thursday,14,27,28,31,46,48,7,0,0,False
3601,2020-10-19,Monday,9,10,11,13,20,25,15,0,0,False
3602,2020-10-22,Thursday,11,25,28,30,34,36,24,0,0,False
3603,2020-10-26,Monday,2,8,11,19,41,49,27,0,0,False
3604,2020-10-29,Thursday,10,12,27,37,39,46,13,0,0,False
3605,2020-11-02,Monday,3,36,37,44,48,49,35,0,0,False
3606,2020-11-05,Thursday,3,19,25,33,40,44,37,0,0,False
3607,2020-11-09,Monday,8,12,13,30,37,46,36,0,0,False
3608,2020-11-12,Thursday,9,11,14,22,26,35,20,0,0,False
3609,2020-11-16,Monday,1,2,20,27,36,44,17,0,0,False
3610,2020-11-19,Thursday,3,12,22,23,34,42,49,0,0,False
3611,2020-11-23,Monday,1,7,11,22,30,45,48,0,0,False
3612,2020-11-26,Thursday,2,5,8,27,35,48,29,0,0,False
3613,2020-11-30,Monday,2,3,25,33,35,49,10,0,0,False
3614,2020-12-03,Thursday,1,7,8,11,36,40,31,0,0,False
3615,2020-12-07,Monday,7,13,14,33,37,48,24,0,0,False
3616,2020-12-10,Thursday,10,17,22,23,27,33,34,0,0,False
3617,2020-12-14,Monday,6,21,29,45,47,48,15,0,0,False
3618,2020-12-17,Thursday,5,8,27,33,35,41,30,0,0,False
3619,2020-12-21,Monday,4,8,15,31,36,39,47,0,0,False
3620,2020-12-24,Thursday,5,11,19,21,22,37,26,0,0,False
3621,2020-12-28,Monday,32,34,40,45,46,47,25,0,0,False
3622,2021-01-01,Friday,5,8,13,16,35,47,2,0,0,False
3623,2021-01-04,Monday,4,5,8,12,27,42,14,0,0,False
3624,2021-01-07,Thursday,1,7,9,12,32,36,17,0,0,False
3625,2021-01-11,Monday,3,5,8,19,26,47,41,0,0,False
3626,2021-01-14,Thursday,12,21,23,25,32,44,42,0,0,False
3627,2021-01-18,Monday,2,12,23,33,35,37,43,0,0,False
3628,2021-01-21,Thursday,8,11,15,17,19,35,45,0,0,False
3629,2021-01-25,Monday,8,9,12,17,33,39,48,0,0,False
3630,2021-01-28,Thursday,6,16,25,32,35,37,22,0,0,False
3631,2021-02-01,Monday,4,6,9,18,27,39,33,0,0,False
3632,2021-02-05,Friday,8,9,11,24,26,47,34,0,0,False
3633,2021-02-08,Monday,9,10,25,27,34,42,29,0,0,False
3634,2021-02-11,Thursday,10,23,25,28,46,49,36,0,0,False
3635,2021-02-15,Monday,9,13,18,20,34,40,36,0,0,False
3636,2021-02-18,Thursday,1,4,6,15,40,44,37,0,0,False
3637,2021-02-22,Monday,3,6,8,11,36,48,1,0,0,False
3638,2021-02-26,Friday,21,24,40,42,44,48,1,0,0,False
3639,2021-03-01,Monday,5,6,7,13,25,37,30,0,0,False
3640,2021-03-04,Thursday,11,12,20,28,30,38,27,0,0,False
3641,2021-03-08,Monday,8,13,17,27,33,40,38,0,0,False
3642,2021-03-11,Thursday,12,19,26,41,46,47,35,0,0,False
3643,2021-03-15,Monday,12,15,19,28,35,43,44,0,0,False
3644,2021-03-18,Thursday,2,5,12,24,25,29,3,0,0,False
3645,2021-03-22,Monday,2,12,20,35,37,44,17,0,0,False
3646,2021-03-25,Thursday,4,16,17,20,22,44,38,0,0,False
3647,2021-03-29,Monday,14,15,20,23,30,35,39,0,0,False
3648,2021-04-01,Thursday,10,11,15,21,29,44,26,0,0,False
3649,2021-04-05,Monday,9,11,15,17,25,40,5,0,0,False
3650,2021-04-08,Thursday,7,8,9,14,28,35,4,0,0,False
3651,2021-04-12,Monday,4,23,27,43,48,49,47,0,0,False
3652,2021-04-15,Thursday,10,14,23,25,35,46,39,0,0,False
3653,2021-04-19,Monday,8,10,16,17,20,43,32,0,0,False
3654,2021-04-22,Thursday,3,17,22,32,38,48,41,0,0,False
3655,2021-04-26,Monday,2,15,18,36,42,49,26,0,0,False
3656,2021-04-29,Thursday,2,19,22,29,36,43,5,0,0,False
3657,2021-05-03,Monday,15,17,18,35,41,42,3,0,0,False
3658,2021-05-06,Thursday,4,6,12,20,31,35,47,0,0,False
3659,2021-05-10,Monday,6,18,32,33,34,45,8,0,0,False
3660,2021-05-13,Thursday,2,4,5,16,39,47,24,0,0,False
3661,2021-05-17,Monday,5,6,11,36,41,46,8,0,0,False
3662,2021-05-20,Thursday,7,12,18,29,32,37,44,0,0,False
3663,2021-05-24,Monday,11,18,23,31,32,33,49,0,0,False
3664,2021-05-27,Thursday,3,7,9,24,36,38,43,0,0,False
3665,2021-05-31,Monday,14,15,18,19,30,44,6,0,0,False
3666,2021-06-03,Thursday,1,7,21,26,30,39,40,0,0,False
3667,2021-06-07,Monday,7,14,23,31,39,41,33,0,0,False
3668,2021-06-10,Thursday,1,9,15,22,24,42,10,0,0,False
3669,2021-06-14,Monday,5,16,23,24,28,45,40,0,0,False
3670,2021-06-17,Thursday,5,12,15,30,38,43,33,0,0,False
3671,2021-06-21,Monday,7,8,10,14,17,28,45,0,0,False
3672,2021-06-24,Thursday,1,12,17,21,24,44,23,0,0,False
3673,2021-06-28,Monday,14,31,32,33,38,47,45,0,0,False
3674,2021-07-01,Thursday,4,5,9,17,31,34,8,0,0,False
3675,2021-07-05,Monday,8,14,20,28,29,36,18,0,0,False
3676,2021-07-08,Thursday,7,9,15,20,23,40,2,0,0,False
3677,2021-07-12,Monday,18,19,23,24,38,45,27,0,0,False
3678,2021-07-15,Thursday,3,5,9,14,23,26,20,0,0,False
3679,2021-07-19,Monday,4,10,21,33,42,44,19,0,0,False
3680,2021-07-22,Thursday,1,21,26,38,44,45,17,0,0,False
3681,2021-07-26,Monday,3,8,30,34,39,46,44,0,0,False
3682,2021-07-29,Thursday,1,7,22,33,40,48,10,0,0,False
3683,2021-08-02,Monday,12,16,23,26,33,44,10,0,0,False
3684,2021-08-05,Thursday,3,17,19,23,32,38,7,0,0,False
3685,2021-08-09,Monday,15,24,33,34,36,40,18,0,0,False
3686,2021-08-12,Thursday,2,20,25,29,32,49,36,0,0,False
3687,2021-08-16,Monday,10,21,28,31,37,38,6,0,0,False
3688,2021-08-19,Thursday,1,3,9,39,40,47,29,0,0,False
3689,2021-08-23,Monday,5,17,26,27,31,48,4,0,0,False
3690,2021-08-26,Thursday,5,18,24,37,38,49,35,0,0,False
3691,2021-08-30,Monday,19,23,24,27,36,37,17,0,0,False
3692,2021-09-02,Thursday,3,4,6,10,19,42,34,0,0,False
3693,2021-09-06,Monday,1,15,31,32,33,44,20,0,0,False
3694,2021-09-09,Thursday,5,19,30,33,37,42,38,0,0,False
3695,2021-09-13,Monday,6,25,26,41,42,44,37,0,0,False
3696,2021-09-16,Thursday,9,10,15,30,38,48,2,0,0,False
3697,2021-09-20,Monday,3,6,10,16,33,49,1,0,0,False
3698,2021-09-23,Thursday,9,35,41,42,43,44,29,0,0,False
3699,2021-09-27,Monday,20,28,33,38,40,44,49,0,0,False
3700,2021-09-30,Thursday,5,8,14,26,30,44,47,0,0,False
3701,2021-10-04,Monday,10,14,28,30,35,40,6,0,0,False
3702,2021-10-07,Thursday,1,27,28,39,40,49,33,0,0,False
3703,2021-10-11,Monday,10,26,27,36,37,43,42,0,0,False
3704,2021-10-14,Thursday,10,15,16,24,45,47,19,0,0,False
3705,2021-10-18,Monday,5,23,24,27,44,49,26,0,0,False
3706,2021-10-21,Thursday,7,22,23,25,42,43,18,0,0,False
3707,2021-10-25,Monday,4,18,24,40,43,47,48,0,0,False
3708,2021-10-28,Thursday,3,20,27,34,35,46,37,0,0,False
3709,2021-11-01,Monday,7,15,22,24,26,37,9,0,0,False
3710,2021-11-04,Thursday,7,18,22,36,44,45,30,0,0,False
3711,2021-11-08,Monday,7,8,20,31,35,41,3,0,0,False
3712,2021-11-11,Thursday,5,7,12,35,48,49,2,0,0,False
3713,2021-11-15,Monday,23,27,31,34,43,48,1,0,0,False
3714,2021-11-18,Thursday,1,10,39,43,45,48,14,0,0,False
3715,2021-11-22,Monday,1,3,16,20,35,41,5,0,0,False
3716,2021-11-25,Thursday,6,20,27,32,40,44,4,0,0,False
3717,2021-11-29,Monday,1,7,12,26,28,32,21,0,0,False
3718,2021-12-02,Thursday,6,12,22,23,40,49,25,0,0,False
3719,2021-12-06,Monday,7,16,33,37,42,43,48,0,0,False
3720,2021-12-09,Thursday,1,17,30,31,42,43,46,0,0,False
3721,2021-12-13,Monday,5,18,19,23,40,49,20,0,0,False
3722,2021-12-16,Thursday,6,26,27,37,40,43,49,0,0,False
3723,2021-12-20,Monday,4,5,16,18,24,34,27,0,0,False
3724,2021-12-23,Thursday,1,21,35,39,44,45,42,0,0,False
3725,2021-12-27,Monday,3,9,13,23,24,44,7,0,0,False
3726,2021-12-30,Thursday,4,7,12,13,21,35,29,0,0,False
3727,2022-01-03,Monday,6,12,20,33,46,47,49,0,0,False
3728,2022-01-07,Friday,3,8,11,20,44,49,32,0,0,False
3729,2022-01-10,Monday,8,11,17,21,30,44,48,0,0,False
3730,2022-01-13,Thursday,3,6,18,20,26,35,34,0,0,False
3731,2022-01-17,Monday,4,13,26,31,33,35,29,0,0,False
3732,2022-01-21,Friday,2,4,11,13,28,38,49,0,0,False
3733,2022-01-24,Monday,1,8,10,31,32,38,39,0,0,False
3734,2022-01-27,Thursday,7,21,27,30,32,34,39,0,0,False
3735,2022-01-31,Monday,5,6,10,22,23,40,38,0,0,False
3736,2022-02-03,Thursday,15,28,31,32,44,49,18,0,0,False
3737,2022-02-07,Monday,1,11,17,28,32,35,44,0,0,False
3738,2022-02-11,Friday,9,13,14,16,18,28,10,0,0,False
3739,2022-02-14,Monday,10,23,29,33,37,43,8,0,0,False
3740,2022-02-17,Thursday,1,4,19,35,37,45,49,0,0,False
3741,2022-02-21,Monday,1,19,22,27,37,44,25,0,0,False
3742,2022-02-24,Thursday,4,11,15,25,41,48,14,0,0,False
3743,2022-02-28,Monday,1,9,20,27,37,49,33,0,0,False
3744,2022-03-03,Thursday,8,13,24,30,40,44,45,0,0,False
3745,2022-03-07,Monday,19,22,24,28,29,42,40,0,0,False
3746,2022-03-10,Thursday,1,8,25,32,45,46,44,0,0,False
3747,2022-03-14,Monday,19,37,38,45,47,49,25,0,0,False
3748,2022-03-17,Thursday,5,7,30,42,47,49,17,0,0,False
3749,2022-03-21,Monday,1,20,22,23,24,31,2,0,0,False
3750,2022-03-24,Thursday,3,12,15,22,34,45,2,0,0,False
3751,2022-03-28,Monday,5,9,10,12,39,44,14,0,0,False
3752,2022-03-31,Thursday,1,4,10,22,24,45,47,0,0,False
3753,2022-04-04,Monday,14,15,28,31,40,42,44,0,0,False
3754,2022-04-07,Thursday,1,7,10,28,31,44,23,0,0,False
3755,2022-04-11,Monday,2,12,18,27,36,49,6,0,0,False
3756,2022-04-14,Thursday,4,6,23,26,29,30,36,0,0,False
3757,2022-04-18,Monday,12,20,33,39,42,48,49,0,0,False
3758,2022-04-21,Thursday,13,16,19,32,38,43,20,0,0,False
3759,2022-04-25,Monday,6,16,26,32,39,47,23,0,0,False
3760,2022-04-28,Thursday,5,6,11,16,22,37,44,0,0,False
3761,2022-05-02,Monday,12,14,23,32,35,38,13,0,0,False
3762,2022-05-05,Thursday,7,13,35,39,41,45,1,0,0,False
3763,2022-05-09,Monday,5,12,15,21,30,39,6,0,0,False
3764,2022-05-12,Thursday,15,20,36,38,41,46,10,0,0,False
3765,2022-05-16,Monday,21,22,40,41,42,46,9,0,0,False
3766,2022-05-19,Thursday,5,8,13,20,21,46,31,0,0,False
3767,2022-05-23,Monday,7,10,16,21,27,35,22,0,0,False
3768,2022-05-26,Thursday,6,11,30,34,43,45,2,0,0,False
3769,2022-05-30,Monday,8,13,19,34,37,47,29,0,0,False
3770,2022-06-02,Thursday,12,19,26,28,46,49,41,0,0,False
3771,2022-06-06,Monday,12,28,29,34,41,47,16,0,0,False
3772,2022-06-09,Thursday,7,14,15,16,17,38,44,0,0,False
3773,2022-06-13,Monday,3,5,12,16,30,45,49,0,0,False
3774,2022-06-16,Thursday,2,7,16,18,24,45,36,0,0,False
3775,2022-06-20,Monday,20,25,28,33,40,49,1,0,0,False
3776,2022-06-23,Thursday,24,27,32,38,46,49,11,0,0,False
3777,2022-06-27,Monday,21,24,27,32,34,38,41,0,0,False
3778,2022-06-30,Thursday,2,15,17,27,41,48,38,0,0,False
3779,2022-07-04,Monday,2,3,9,27,28,38,15,0,0,False
3780,2022-07-07,Thursday,16,17,20,33,39,49,7,0,0,False
3781,2022-07-11,Monday,1,6,13,25,34,43,42,0,0,False
3782,2022-07-14,Thursday,8,10,15,36,39,44,9,0,0,False
3783,2022-07-18,Monday,3,20,36,41,43,47,9,0,0,False
3784,2022-07-21,Thursday,4,15,31,42,43,47,39,0,0,False
3785,2022-07-25,Monday,2,6,29,30,31,44,40,0,0,False
3786,2022-07-28,Thursday,1,2,25,33,36,40,7,0,0,False
3787,2022-08-01,Monday,3,10,12,29,45,47,26,0,0,False
3788,2022-08-05,Friday,14,18,24,37,43,45,8,0,0,False
3789,2022-08-08,Monday,2,9,33,34,37,49,29,0,0,False
3790,2022-08-11,Thursday,10,12,16,18,32,44,22,0,0,False
3791,2022-08-15,Monday,7,22,29,34,38,41,35,0,0,False
3792,2022-08-18,Thursday,2,4,12,18,28,43,38,0,0,False
3793,2022-08-22,Monday,5,20,23,36,42,44,47,0,0,False
3794,2022-08-25,Thursday,3,5,13,23,24,48,10,0,0,False
3795,2022-08-29,Monday,4,8,9,15,22,31,13,0,0,False
3796,2022-09-01,Thursday,1,18,28,42,43,48,45,0,0,False
3797,2022-09-05,Monday,4,9,13,18,34,47,3,0,0,False
3798,2022-09-08,Thursday,1,8,11,12,22,46,35,0,0,False
3799,2022-09-12,Monday,8,15,21,22,39,43,44,0,0,False
3800,2022-09-15,Thursday,13,15,27,29,38,45,40,0,0,False
3801,2022-09-19,Monday,1,5,14,23,40,45,16,0,0,False
3802,2022-09-22,Thursday,3,11,19,26,43,49,37,0,0,False
3803,2022-09-26,Monday,6,19,24,34,43,46,21,0,0,False
3804,2022-09-29,Thursday,27,29,31,44,46,49,42,0,0,False
3805,2022-10-03,Monday,7,16,20,29,33,42,39,0,0,False
3806,2022-10-06,Thursday,10,19,20,22,26,46,4,0,0,False
3807,2022-10-10,Monday,8,10,18,26,42,47,49,0,0,False
3808,2022-10-13,Thursday,2,4,8,17,22,40,6,0,0,False
3809,2022-10-17,Monday,1,8,16,24,38,43,15,0,0,False
3810,2022-10-20,Thursday,2,9,19,27,33,37,21,0,0,False
3811,2022-10-24,Monday,7,11,17,21,41,43,30,0,0,False
3812,2022-10-27,Thursday,13,16,25,41,45,46,20,0,0,False
3813,2022-10-31,Monday,4,14,17,25,29,49,36,0,0,False
3814,2022-11-03,Thursday,13,21,24,25,26,41,11,0,0,False
3815,2022-11-07,Monday,10,14,33,37,39,45,28,0,0,False
3816,2022-11-10,Thursday,10,23,28,35,39,46,6,0,0,False
3817,2022-11-14,Monday,8,15,22,26,34,45,32,0,0,False
3818,2022-11-17,Thursday,1,10,16,23,38,49,25,0,0,False
3819,2022-11-21,Monday,3,9,21,30,36,46,2,0,0,False
3820,2022-11-24,Thursday,3,8,11,21,24,31,25,0,0,False
3821,2022-11-28,Monday,7,16,17,28,37,48,14,0,0,False
3822,2022-12-01,Thursday,3,12,20,39,40,47,18,0,0,False
3823,2022-12-05,Monday,5,6,7,25,28,35,8,0,0,False
3824,2022-12-08,Thursday,1,6,21,35,37,46,33,0,0,False
3825,2022-12-12,Monday,3,7,22,27,44,49,13,0,0,False
3826,2022-12-15,Thursday,4,12,17,19,24,44,20,0,0,False
3827,2022-12-19,Monday,8,14,24,26,45,46,42,0,0,False
3828,2022-12-22,Thursday,4,11,13,16,32,46,9,0,0,False
3829,2022-12-26,Monday,3,10,31,32,44,47,41,0,0,False
3830,2022-12-29,Thursday,12,18,25,28,30,36,48,0,0,False
3831,2023-01-02,Monday,1,13,15,32,41,47,11,0,0,False
3832,2023-01-06,Friday,12,22,30,32,42,49,8,0,0,False
3833,2023-01-09,Monday,1,3,13,15,22,43,46,0,0,False
3834,2023-01-12,Thursday,2,6,8,28,31,37,48,0,0,False
3835,2023-01-16,Monday,15,22,23,36,40,42,20,0,0,False
3836,2023-01-20,Friday,15,29,35,47,48,49,10,0,0,False
3837,2023-01-23,Monday,22,30,31,39,43,49,3,0,0,False
3838,2023-01-26,Thursday,2,21,34,40,43,45,13,0,0,False
3839,2023-01-30,Monday,13,23,25,26,44,45,38,0,0,False
3840,2023-02-03,Friday,4,6,21,25,34,40,48,0,0,False
3841,2023-02-06,Monday,6,10,15,19,20,30,5,0,0,False
3842,2023-02-09,Thursday,18,20,27,37,43,47,10,0,0,False
3843,2023-02-13,Monday,5,12,23,28,31,39,37,0,0,False
3844,2023-02-16,Thursday,3,10,16,24,42,46,25,0,0,False
3845,2023-02-20,Monday,4,9,21,22,25,41,18,0,0,False
3846,2023-02-23,Thursday,2,5,19,24,34,44,37,0,0,False
3847,2023-02-27,Monday,6,26,32,39,44,48,11,0,0,False
3848,2023-03-02,Thursday,15,22,24,26,29,36,28,0,0,False
3849,2023-03-06,Monday,21,30,35,36,37,45,1,0,0,False
3850,2023-03-09,Thursday,1,10,30,31,38,45,11,0,0,False
3851,2023-03-13,Monday,1,3,15,18,23,48,41,0,0,False
3852,2023-03-16,Thursday,4,14,30,33,37,42,22,0,0,False
3853,2023-03-20,Monday,7,8,15,27,34,38,37,0,0,False
3854,2023-03-23,Thursday,14,21,26,29,37,40,7,0,0,False
3855,2023-03-27,Monday,1,4,17,28,43,45,29,0,0,False
3856,2023-03-30,Thursday,12,26,34,39,41,49,16,0,0,False
3857,2023-04-03,Monday,13,27,28,42,44,45,1,0,0,False
3858,2023-04-06,Thursday,6,7,31,42,46,47,27,0,0,False
3859,2023-04-10,Monday,8,10,12,25,32,38,20,0,0,False
3860,2023-04-13,Thursday,11,21,30,31,33,38,24,0,0,False
3861,2023-04-17,Monday,9,11,17,22,31,43,34,0,0,False
3862,2023-04-20,Thursday,11,14,21,30,37,40,20,0,0,False
3863,2023-04-24,Monday,5,6,25,32,36,49,21,0,0,False
3864,2023-04-27,Thursday,4,9,30,32,40,49,16,0,0,False
3865,2023-05-01,Monday,22,26,29,30,48,49,46,0,0,False
3866,2023-05-04,Thursday,16,21,25,28,37,44,24,0,0,False
3867,2023-05-08,Monday,1,3,6,11,23,34,39,0,0,False
3868,2023-05-11,Thursday,1,11,26,38,41,44,6,0,0,False
3869,2023-05-15,Monday,7,33,36,40,41,42,30,0,0,False
3870,2023-05-18,Thursday,7,13,18,19,25,29,36,0,0,False
3871,2023-05-22,Monday,1,4,7,8,34,44,12,0,0,False
3872,2023-05-25,Thursday,4,15,17,35,42,48,45,0,0,False
3873,2023-05-29,Monday,5,13,30,34,36,48,20,0,0,False
3874,2023-06-01,Thursday,7,15,33,40,45,49,5,0,0,False
3875,2023-06-05,Monday,5,16,26,28,32,34,24,0,0,False
3876,2023-06-08,Thursday,6,21,31,32,35,48,19,0,0,False
3877,2023-06-12,Monday,2,22,28,33,34,36,7,0,0,False
3878,2023-06-15,Thursday,6,15,17,42,46,49,20,0,0,False
3879,2023-06-19,Monday,2,25,28,30,32,46,48,0,0,False
3880,2023-06-22,Thursday,3,9,28,32,37,46,7,0,0,False
3881,2023-06-26,Monday,4,5,17,28,39,44,31,0,0,False
3882,2023-06-29,Thursday,5,15,16,30,37,46,49,0,0,False
3883,2023-07-03,Monday,14,30,34,40,45,49,12,0,0,False
3884,2023-07-06,Thursday,13,16,28,34,38,40,47,0,0,False
3885,2023-07-10,Monday,2,8,30,33,39,41,24,0,0,False
3886,2023-07-13,Thursday,4,12,14,20,21,22,10,0,0,False
3887,2023-07-17,Monday,18,25,27,32,35,39,48,0,0,False
3888,2023-07-20,Thursday,10,20,26,39,44,46,3,0,0,False
3889,2023-07-24,Monday,1,5,18,20,38,44,45,0,0,False
3890,2023-07-27,Thursday,8,10,21,27,34,36,2,0,0,False
3891,2023-07-31,Monday,2,23,29,35,39,45,6,0,0,False
3892,2023-08-04,Friday,19,25,27,28,29,48,34,0,0,False
3893,2023-08-07,Monday,5,15,18,31,41,49,16,0,0,False
3894,2023-08-10,Thursday,3,6,16,29,37,45,12,0,0,False
3895,2023-08-14,Monday,5,22,31,32,41,49,14,0,0,False
3896,2023-08-17,Thursday,4,8,32,33,45,47,12,0,0,False
3897,2023-08-21,Monday,1,18,21,28,31,41,11,0,0,False
3898,2023-08-24,Thursday,1,13,26,34,37,41,9,0,0,False
3899,2023-08-28,Monday,1,3,7,12,15,32,34,0,0,False
3900,2023-08-31,Thursday,14,29,31,39,40,48,47,0,0,False
3901,2023-09-04,Monday,1,4,12,33,45,48,35,0,0,False
3902,2023-09-07,Thursday,17,19,24,26,31,46,37,0,0,False
3903,2023-09-11,Monday,1,20,21,27,38,48,17,0,0,False
3904,2023-09-14,Thursday,14,18,24,26,37,45,42,0,0,False
3905,2023-09-18,Monday,4,7,27,32,37,49,44,0,0,False
3906,2023-09-21,Thursday,2,8,28,31,48,49,37,0,0,False
3907,2023-09-25,Monday,3,14,19,23,28,43,25,0,0,False
3908,2023-09-28,Thursday,3,13,23,28,37,38,9,0,0,False
3909,2023-10-02,Monday,2,10,12,13,45,48,11,0,0,False
3910,2023-10-05,Thursday,4,7,9,38,41,42,16,0,0,False
3911,2023-10-09,Monday,1,5,9,25,44,49,43,0,0,False
3912,2023-10-12,Thursday,14,15,26,35,44,46,43,0,0,False
3913,2023-10-16,Monday,21,27,30,38,40,44,6,0,0,False
3914,2023-10-19,Thursday,1,7,16,20,35,41,6,0,0,False
3915,2023-10-23,Monday,2,3,13,15,34,37,8,0,0,False
3916,2023-10-26,Thursday,1,6,17,19,34,45,48,0,0,False
3917,2023-10-30,Monday,12,24,26,32,34,38,28,0,0,False
3918,2023-11-02,Thursday,3,12,22,29,35,42,49,0,0,False
3919,2023-11-06,Monday,11,20,22,28,32,37,4,0,0,False
3920,2023-11-09,Thursday,2,3,11,17,35,40,45,0,0,False
3921,2023-11-13,Monday,6,10,16,24,27,43,31,0,0,False
3922,2023-11-16,Thursday,10,13,15,28,29,37,22,0,0,False
3923,2023-11-20,Monday,12,13,18,22,25,28,47,0,0,False
3924,2023-11-23,Thursday,2,24,30,37,43,45,35,0,0,False
3925,2023-11-27,Monday,16,19,20,26,33,40,23,0,0,False
3926,2023-11-30,Thursday,3,32,34,38,41,42,17,0,0,False
3927,2023-12-04,Monday,6,18,26,31,37,38,22,0,0,False
3928,2023-12-07,Thursday,10,16,25,29,42,44,48,0,0,False
3929,2023-12-11,Monday,9,12,21,22,44,47,31,0,0,False
3930,2023-12-14,Thursday,22,32,34,39,40,42,5,0,0,False
3931,2023-12-18,Monday,12,15,16,23,24,38,44,0,0,False
3932,2023-12-21,Thursday,7,8,24,25,29,40,18,0,0,False
3933,2023-12-25,Monday,11,12,19,23,25,41,47,0,0,False
3934,2023-12-28,Thursday,13,17,18,24,37,41,15,0,0,False
3935,2024-01-01,Monday,8,16,23,24,36,48,5,0,0,False
3936,2024-01-05,Friday,7,12,17,20,31,35,22,0,0,False
3937,2024-01-08,Monday,11,20,28,30,36,38,37,0,0,False
3938,2024-01-11,Thursday,2,9,10,43,45,46,13,0,0,False
3939,2024-01-15,Monday,24,25,26,28,30,35,4,0,0,False
3940,2024-01-18,Thursday,5,28,30,37,38,41,43,0,0,False
3941,2024-01-22,Monday,1,3,8,13,40,48,6,0,0,False
3942,2024-01-25,Thursday,10,18,44,45,48,49,20,0,0,False
3943,2024-01-29,Monday,20,22,24,28,40,49,27,0,0,False
3944,2024-02-02,Friday,2,27,29,36,44,48,12,0,0,False
3945,2024-02-05,Monday,14,17,20,25,28,37,13,0,0,False
3946,2024-02-08,Thursday,6,16,21,27,31,37,49,0,0,False
3947,2024-02-12,Monday,9,16,20,25,31,39,41,0,0,False
3948,2024-02-15,Thursday,15,18,22,35,41,48,5,0,0,False
3949,2024-02-19,Monday,1,10,21,29,35,42,27,0,0,False
3950,2024-02-23,Friday,18,21,26,35,38,43,40,0,0,False
3951,2024-02-26,Monday,2,8,14,27,39,42,10,0,0,False
3952,2024-02-29,Thursday,1,14,28,44,45,49,16,0,0,False
3953,2024-03-04,Monday,13,17,25,27,28,44,3,0,0,False
3954,2024-03-07,Thursday,5,11,15,20,31,47,44,0,0,False
3955,2024-03-11,Monday,5,9,30,37,40,49,33,0,0,False
3956,2024-03-14,Thursday,8,26,34,35,45,46,36,0,0,False
3957,2024-03-18,Monday,1,4,6,15,30,48,45,0,0,False
3958,2024-03-21,Thursday,6,8,18,19,33,44,15,0,0,False
3959,2024-03-25,Monday,4,23,25,27,28,32,21,0,0,False
3960,2024-03-28,Thursday,6,8,13,17,26,37,18,0,0,False
3961,2024-04-01,Monday,3,12,18,19,27,41,15,0,0,False
3962,2024-04-04,Thursday,3,4,13,31,36,43,19,0,0,False
3963,2024-04-08,Monday,12,23,24,34,43,46,42,0,0,False
3964,2024-04-11,Thursday,22,28,33,40,43,47,16,0,0,False
3965,2024-04-15,Monday,5,10,28,36,41,42,19,0,0,False
3966,2024-04-18,Thursday,18,22,29,32,37,47,49,0,0,False
3967,2024-04-22,Monday,6,8,11,16,33,37,23,0,0,False
3968,2024-04-25,Thursday,5,9,11,18,28,36,35,0,0,False
3969,2024-04-29,Monday,2,7,12,31,36,45,30,0,0,False
3970,2024-05-02,Thursday,4,5,31,37,43,46,7,0,0,False
3971,2024-05-06,Monday,1,5,9,31,33,37,36,0,0,False
3972,2024-05-09,Thursday,9,15,20,26,43,49,36,0,0,False
3973,2024-05-13,Monday,2,16,17,22,24,49,42,0,0,False
3974,2024-05-16,Thursday,2,12,15,28,35,48,24,0,0,False
3975,2024-05-20,Monday,7,10,32,33,39,48,37,0,0,False
3976,2024-05-23,Thursday,3,4,22,27,39,43,6,0,0,False
3977,2024-05-27,Monday,14,23,28,34,41,48,17,0,0,False
3978,2024-05-30,Thursday,6,9,11,17,28,45,21,0,0,False
3979,2024-06-03,Monday,1,28,30,32,33,39,11,0,0,False
3980,2024-06-06,Thursday,4,5,10,14,35,43,12,0,0,False
3981,2024-06-10,Monday,1,10,13,23,31,34,43,0,0,False
3982,2024-06-13,Thursday,4,7,10,17,30,41,21,0,0,False
3983,2024-06-17,Monday,8,10,12,16,17,30,19,0,0,False
3984,2024-06-20,Thursday,3,12,14,16,17,30,27,0,0,False
3985,2024-06-24,Monday,20,23,28,30,34,49,25,0,0,False
3986,2024-06-27,Thursday,1,8,11,14,17,30,5,0,0,False
3987,2024-07-01,Monday,11,19,21,26,28,33,39,0,0,False
3988,2024-07-04,Thursday,4,9,12,15,31,44,33,0,0,False
3989,2024-07-08,Monday,15,18,29,34,38,44,35,0,0,False
3990,2024-07-11,Thursday,15,17,22,32,34,40,6,0,0,False
3991,2024-07-15,Monday,4,6,17,32,37,41,10,0,0,False
3992,2024-07-18,Thursday,8,10,11,12,14,20,38,0,0,False
3993,2024-07-22,Monday,4,9,12,15,37,47,44,0,0,False
3994,2024-07-25,Thursday,14,21,34,35,43,49,33,0,0,False
3995,2024-07-29,Monday,19,24,29,30,31,46,28,0,0,False
3996,2024-08-02,Friday,14,16,22,23,36,42,21,0,0,False
3997,2024-08-05,Monday,1,12,15,30,42,43,22,0,0,False
3998,2024-08-08,Thursday,23,26,32,36,41,49,31,0,0,False
3999,2024-08-12,Monday,2,8,27,33,34,43,11,0,0,False
4000,2024-08-15,Thursday,15,24,35,36,42,46,48,0,0,False
4001,2024-08-19,Monday,2,3,16,26,29,41,12,0,0,False
4002,2024-08-22,Thursday,2,5,8,43,45,48,41,0,0,False
4003,2024-08-26,Monday,6,8,18,34,35,37,33,0,0,False
4004,2024-08-29,Thursday,3,9,10,12,27,41,29,0,0,False
4005,2024-09-02,Monday,6,7,13,30,37,39,16,0,0,False
4006,2024-09-05,Thursday,1,13,27,38,40,43,2,0,0,False
4007,2024-09-09,Monday,1,4,10,16,18,29,6,0,0,False
4008,2024-09-12,Thursday,5,6,14,36,45,49,12,0,0,False
4009,2024-09-16,Monday,2,8,15,19,33,38,21,0,0,False
4010,2024-09-19,Thursday,7,13,17,22,31,37,1,0,0,False
4011,2024-09-23,Monday,9,20,22,32,37,47,1,0,0,False
4012,2024-09-26,Thursday,17,23,26,31,38,40,14,0,0,False
4013,2024-09-30,Monday,4,33,34,38,40,43,15,0,0,False
4014,2024-10-03,Thursday,2,9,15,17,40,48,28,0,0,False
4015,2024-10-07,Monday,16,22,23,31,41,49,8,0,0,False
4016,2024-10-10,Thursday,1,17,24,25,27,39,30,0,0,False
4017,2024-10-14,Monday,12,33,39,42,43,48,10,0,0,False
4018,2024-10-17,Thursday,2,4,10,25,36,38,22,0,0,False
4019,2024-10-21,Monday,4,13,19,44,46,49,31,0,0,False
4020,2024-10-24,Thursday,20,24,28,37,46,47,36,0,0,False
4021,2024-10-28,Monday,10,16,33,37,45,47,6,0,0,False
4022,2024-10-31,Thursday,2,6,10,17,18,49,35,0,0,False
4023,2024-11-04,Monday,14,18,25,28,29,44,36,0,0,False
4024,2024-11-07,Thursday,4,12,17,18,23,34,28,0,0,False
4025,2024-11-11,Monday,13,28,39,43,46,48,30,0,0,False
4026,2024-11-14,Thursday,12,16,29,36,39,40,37,0,0,False
4027,2024-11-18,Monday,1,2,14,36,44,46,20,0,0,False
4028,2024-11-21,Thursday,4,7,11,14,21,28,36,0,0,False
4029,2024-11-25,Monday,26,28,31,38,41,42,23,0,0,False
4030,2024-11-28,Thursday,1,2,4,15,18,24,35,0,0,False
4031,2024-12-02,Monday,10,11,12,21,41,49,44,0,0,False
4032,2024-12-05,Thursday,8,14,15,20,31,49,13,0,0,False
4033,2024-12-09,Monday,1,4,8,10,16,46,23,0,0,False
4034,2024-12-12,Thursday,17,18,19,31,32,33,8,0,0,False
4035,2024-12-16,Monday,13,19,22,26,40,49,45,0,0,False
4036,2024-12-19,Thursday,3,9,10,20,23,32,42,0,0,False
4037,2024-12-23,Monday,34,40,42,44,45,46,19,0,0,False
4038,2024-12-26,Thursday,8,21,30,35,44,49,39,0,0,False
4039,2024-12-30,Monday,3,10,13,29,32,46,18,0,0,False
4040,2025-01-03,Friday,9,11,24,29,39,46,31,0,0,False
4041,2025-01-06,Monday,6,10,13,27,41,49,4,0,0,False
4042,2025-01-09,Thursday,13,32,34,36,38,40,37,0,0,False
4043,2025-01-13,Monday,3,7,11,13,34,35,17,0,0,False
4044,2025-01-16,Thursday,6,13,18,27,35,46,48,0,0,False
4045,2025-01-20,Monday,3,5,6,16,32,49,4,0,0,False
4046,2025-01-24,Friday,9,10,18,35,43,49,42,0,0,False
4047,2025-01-27,Monday,7,16,22,26,33,43,44,0,0,False
4048,2025-01-30,Thursday,2,9,13,24,26,43,49,0,0,False
4049,2025-02-03,Monday,1,12,29,31,41,48,25,0,0,False
4050,2025-02-07,Friday,16,18,22,23,28,35,32,0,0,False
4051,2025-02-10,Monday,1,3,7,18,34,39,46,0,0,False
4052,2025-02-13,Thursday,5,8,13,28,30,49,17,0,0,False
4053,2025-02-17,Monday,1,16,23,39,41,42,9,0,0,False
4054,2025-02-20,Thursday,3,25,31,37,39,42,21,0,0,False
4055,2025-02-24,Monday,24,37,38,42,48,49,31,0,0,False
4056,2025-02-27,Thursday,2,10,13,15,37,40,28,0,0,False
4057,2025-03-03,Monday,4,16,24,25,43,49,46,0,0,False
4058,2025-03-06,Thursday,19,33,35,38,46,49,39,0,0,False
4059,2025-03-10,Monday,5,7,32,38,42,47,27,0,0,False
4060,2025-03-13,Thursday,16,26,34,36,42,49,41,0,0,False
4061,2025-03-17,Monday,7,30,39,42,43,48,33,0,0,False
4062,2025-03-20,Thursday,9,10,11,13,23,42,20,0,0,False
4063,2025-03-24,Monday,18,19,25,28,31,44,34,0,0,False
4064,2025-03-27,Thursday,21,22,27,35,40,42,3,0,0,False
4065,2025-03-31,Monday,9,12,17,23,29,46,20,0,0,False
4066,2025-04-03,Thursday,12,14,15,16,21,40,23,0,0,False
4067,2025-04-07,Monday,7,19,35,40,43,47,33,0,0,False
4068,2025-04-10,Thursday,14,26,27,30,46,48,10,0,0,False
4069,2025-04-14,Monday,6,14,29,30,35,42,25,0,0,False
4070,2025-04-17,Thursday,15,17,26,31,40,46,19,0,0,False
4071,2025-04-21,Monday,1,17,30,37,41,43,32,0,0,False
4072,2025-04-24,Thursday,17,19,21,23,30,40,33,0,0,False
4073,2025-04-28,Monday,3,8,12,18,24,41,11,0,0,False
4074,2025-05-01,Thursday,2,8,12,30,35,49,38,0,0,False
4075,2025-05-05,Monday,5,8,28,38,40,43,39,0,0,False
4076,2025-05-08,Thursday,9,13,17,39,46,47,22,0,0,False
4077,2025-05-12,Monday,6,16,20,23,40,48,45,0,0,False
4078,2025-05-15,Thursday,9,16,17,20,34,38,18,0,0,False
4079,2025-05-19,Monday,2,15,17,18,39,45,26,0,0,False
4080,2025-05-22,Thursday,3,10,32,34,44,48,29,0,0,False
4081,2025-05-26,Monday,5,9,15,28,46,48,8,0,0,False
4082,2025-05-29,Thursday,1,5,7,11,19,47,44,0,0,False
4083,2025-06-02,Monday,10,19,21,22,28,31,34,0,0,False
4084,2025-06-05,Thursday,2,5,25,26,29,30,42,0,0,False
4085,2025-06-09,Monday,7,10,11,21,32,48,27,0,0,False
4086,2025-06-12,Thursday,3,7,38,41,44,49,20,0,0,False
4087,2025-06-16,Monday,5,18,27,32,48,49,21,0,0,False
4088,2025-06-19,Thursday,1,10,37,40,45,47,19,0,0,False
4089,2025-06-23,Monday,2,15,29,37,45,49,24,0,0,False
4090,2025-06-26,Thursday,10,26,28,35,37,46,20,0,0,False
4091,2025-06-30,Monday,11,27,31,33,34,36,13,0,0,False
4092,2025-07-03,Thursday,6,15,16,17,25,34,31,0,0,False
4093,2025-07-07,Monday,10,15,17,33,36,45,34,0,0,False
4094,2025-07-10,Thursday,12,21,26,27,35,44,10,0,0,False
4095,2025-07-14,Monday,2,8,19,29,38,41,20,0,0,False
4096,2025-07-17,Thursday,7,8,17,29,32,42,1,0,0,False
4097,2025-07-21,Monday,2,5,10,12,14,37,17,0,0,False
4098,2025-07-24,Thursday,9,11,24,32,39,49,26,0,0,False
4099,2025-07-28,Monday,2,14,16,21,36,47,1,0,0,False
4100,2025-07-31,Thursday,7,19,20,21,22,29,37,0,0,False
4101,2025-08-04,Monday,30,32,40,43,45,49,5,0,0,False
4102,2025-08-08,Friday,2,15,28,39,42,44,5,0,0,False
4103,2025-08-11,Monday,9,24,31,34,43,44,1,0,0,False
4104,2025-08-14,Thursday,22,25,29,31,34,43,11,0,0,False
4105,2025-08-18,Monday,1,4,18,24,37,42,26,0,0,False
4106,2025-08-21,Thursday,4,13,22,36,38,46,12,0,0,False
4107,2025-08-25,Monday,2,3,4,16,22,39,48,0,0,False
4108,2025-08-28,Thursday,10,11,16,24,34,35,1,0,0,False
4109,2025-09-01,Monday,3,4,8,13,14,17,20,0,0,False
4110,2025-09-04,Thursday,8,12,21,38,40,43,25,0,0,False
4111,2025-09-08,Monday,1,3,33,38,39,42,31,0,0,False
4112,2025-09-11,Thursday,2,15,19,35,41,48,33,0,0,False
4113,2025-09-15,Monday,10,19,25,29,33,37,24,0,0,False
4114,2025-09-18,Thursday,6,8,9,20,45,49,21,0,0,False
4115,2025-09-22,Monday,8,15,22,24,43,47,44,0,0,False
4116,2025-09-25,Thursday,1,6,9,11,29,36,12,0,0,False
4117,2025-09-29,Monday,15,16,22,34,35,43,26,0,0,False
4118,2025-10-02,Thursday,19,22,26,37,40,46,14,0,0,False
4119,2025-10-06,Monday,10,15,22,31,42,48,4,0,0,False
4120,2025-10-09,Thursday,13,14,19,22,31,42,41,0,0,False
4121,2025-10-13,Monday,5,31,33,34,38,46,39,0,0,False
4122,2025-10-16,Thursday,2,4,8,19,35,39,7,0,0,False
4123,2025-10-20,Monday,3,10,13,15,32,37,8,0,0,False
4124,2025-10-23,Thursday,7,14,17,18,31,38,46,0,0,False
4125,2025-10-27,Monday,4,12,14,24,36,38,17,0,0,False
4126,2025-10-30,Thursday,1,5,31,34,38,45,21,0,0,False
4127,2025-11-03,Monday,10,19,22,34,39,43,35,0,0,False
4128,2025-11-06,Thursday,3,20,24,29,32,44,46,0,0,False
4129,2025-11-10,Monday,2,11,12,19,25,36,16,0,0,False
4130,2025-11-13,Thursday,6,13,18,22,34,35,40,0,0,False
4131,2025-11-17,Monday,3,9,12,18,19,34,24,0,0,False
4132,2025-11-20,Thursday,11,13,22,31,47,49,39,0,0,False
4133,2025-11-24,Monday,8,25,27,34,45,47,19,0,0,False
4134,2025-11-27,Thursday,6,8,17,28,32,46,16,0,0,False
4135,2025-12-01,Monday,2,10,24,35,45,49,37,0,0,False
4136,2025-12-04,Thursday,1,5,24,36,41,46,39,0,0,False
4137,2025-12-08,Monday,9,12,15,23,27,47,45,0,0,False
4138,2025-12-11,Thursday,6,11,20,28,33,43,16,0,0,False
4139,2025-12-15,Monday,17,21,22,35,37,42,9,0,0,False
4140,2025-12-18,Thursday,2,14,15,30,31,43,27,0,0,False
4141,2025-12-22,Monday,4,5,13,22,24,30,36,0,0,False
4142,2025-12-25,Thursday,3,8,15,28,37,43,49,0,0,False
4143,2025-12-29,Monday,2,4,22,24,30,33,49,0,0,False
4144,2026-01-02,Friday,11,18,20,32,38,39,34,0,0,False
4145,2026-01-05,Monday,5,20,35,39,40,49,27,0,0,False
4146,2026-01-08,Thursday,3,14,15,17,25,27,31,0,0,False
4147,2026-01-12,Monday,1,9,16,18,35,43,12,0,0,False
4148,2026-01-15,Thursday,16,32,34,35,36,41,14,0,0,False
4149,2026-01-19,Monday,4,11,21,23,31,35,48,0,0,False
4150,2026-01-22,Thursday,6,22,27,32,37,44,19,0,0,False
4151,2026-01-26,Monday,10,11,13,26,32,39,44,0,0,False
4152,2026-01-29,Thursday,11,13,16,31,42,48,21,0,0,False
4153,2026-02-02,Monday,4,19,40,41,46,47,20,0,0,False
4154,2026-02-05,Thursday,6,18,24,26,36,48,5,0,0,False
4155,2026-02-09,Monday,10,15,29,31,33,49,30,0,0,False
4156,2026-02-13,Friday,10,15,25,43,45,49,4,0,0,False
4157,2026-02-16,Monday,13,24,28,34,37,44,29,0,0,False
4158,2026-02-19,Thursday,8,16,17,34,38,48,25,0,0,False
4159,2026-02-23,Monday,24,26,30,32,37,47,2,0,0,False
